[{"name":"NavigateTo","title":"Http Demos","payload":"httpDemo","playback":true,"delay":1000},{"name":"DownloadTxt","title":"RequestHttpDownload","payload":true,"playback":true,"delay":2983},{"name":"Snapshot","title":"Snapshot","payload":8098,"playback":true,"delay":2599},{"name":"CloseShutter","title":"CloseShutter","payload":0,"playback":true,"delay":1003},{"name":"NavigateTo","title":"Already Ready","payload":"alreadyReady","playback":true,"delay":1551},{"name":"Snapshot","title":"Snapshot","payload":13767,"playback":true,"delay":3116},{"name":"CloseShutter","title":"CloseShutter","payload":0,"playback":true,"delay":1002}]
